{"areas": [[[0.3463541666666667, 0.387037037037037], [0.4161458333333333, 0.32037037037037036], [0.5661458333333333, 0.4101851851851852], [0.440625, 0.6592592592592592]]], "name_areas": ["250 \u0443\u0447\u0430\u0441\u0442\u043e\u043a \u041f\u0440\u043e\u0441\u043f\u0435\u043a\u0442 \u041c\u0435\u0442\u0430\u043b\u043b\u0443\u0440\u0433\u043e\u0432_1"], "zones": [[[0.3463541666666667, 0.387037037037037], [0.35572916666666665, 0.41388888888888886], [0.43072916666666666, 0.3287037037037037], [0.4161458333333333, 0.32037037037037036]], [[0.440625, 0.6592592592592592], [0.42604166666666665, 0.6175925925925926], [0.5432291666666667, 0.3962962962962963], [0.5661458333333333, 0.4101851851851852]]], "name_zones": ["250 \u0443\u0447\u0430\u0441\u0442\u043e\u043a \u041f\u0440\u043e\u0441\u043f\u0435\u043a\u0442 \u041c\u0435\u0442\u0430\u043b\u043b\u0443\u0440\u0433\u043e\u0432_11", "250 \u0443\u0447\u0430\u0441\u0442\u043e\u043a \u041f\u0440\u043e\u0441\u043f\u0435\u043a\u0442 \u041c\u0435\u0442\u0430\u043b\u043b\u0443\u0440\u0433\u043e\u0432_12"], "directions": [true], "color_areas": [[255, 0, 0]], "color_zones": [[0, 255, 0], [0, 255, 0]], "widths": [1, 1], "flash_minizone_colors": [[255, 0, 0], [255, 0, 0]]}