{"areas": [[[0.34739583333333335, 0.3638888888888889], [0.42916666666666664, 0.2962962962962963], [0.5947916666666667, 0.41574074074074074], [0.44375, 0.6842592592592592]]], "name_areas": ["250 \u0443\u0447\u0430\u0441\u0442\u043e\u043a \u041f\u0440\u043e\u0441\u043f\u0435\u043a\u0442 \u041c\u0435\u0442\u0430\u043b\u043b\u0443\u0440\u0433\u043e\u0432_1"], "zones": [[[0.34739583333333335, 0.3638888888888889], [0.3567708333333333, 0.39537037037037037], [0.4453125, 0.3074074074074074], [0.42916666666666664, 0.2962962962962963]], [[0.44375, 0.6842592592592592], [0.42916666666666664, 0.6361111111111111], [0.5697916666666667, 0.3972222222222222], [0.5947916666666667, 0.41574074074074074]]], "name_zones": ["250 \u0443\u0447\u0430\u0441\u0442\u043e\u043a \u041f\u0440\u043e\u0441\u043f\u0435\u043a\u0442 \u041c\u0435\u0442\u0430\u043b\u043b\u0443\u0440\u0433\u043e\u0432_11", "250 \u0443\u0447\u0430\u0441\u0442\u043e\u043a \u041f\u0440\u043e\u0441\u043f\u0435\u043a\u0442 \u041c\u0435\u0442\u0430\u043b\u043b\u0443\u0440\u0433\u043e\u0432_12"], "directions": [true], "color_areas": [[255, 0, 0]], "color_zones": [[0, 255, 0], [0, 255, 0]], "widths": [1, 1], "flash_minizone_colors": [[255, 0, 0], [255, 0, 0]]}