{"areas": [[[0.38177083333333334, 0.44907407407407407], [0.46458333333333335, 0.37592592592592594], [0.6703125, 0.47314814814814815], [0.49166666666666664, 0.7722222222222223]]], "name_areas": ["250 \u0443\u0447\u0430\u0441\u0442\u043e\u043a \u041f\u0440\u043e\u0441\u043f\u0435\u043a\u0442 \u041c\u0435\u0442\u0430\u043b\u043b\u0443\u0440\u0433\u043e\u0432_1"], "zones": [[[0.38177083333333334, 0.44907407407407407], [0.3927083333333333, 0.48055555555555557], [0.48489583333333336, 0.3851851851851852], [0.46458333333333335, 0.37592592592592594]], [[0.49166666666666664, 0.7722222222222223], [0.475, 0.7231481481481481], [0.6390625, 0.4583333333333333], [0.6703125, 0.47314814814814815]]], "name_zones": ["250 \u0443\u0447\u0430\u0441\u0442\u043e\u043a \u041f\u0440\u043e\u0441\u043f\u0435\u043a\u0442 \u041c\u0435\u0442\u0430\u043b\u043b\u0443\u0440\u0433\u043e\u0432_11", "250 \u0443\u0447\u0430\u0441\u0442\u043e\u043a \u041f\u0440\u043e\u0441\u043f\u0435\u043a\u0442 \u041c\u0435\u0442\u0430\u043b\u043b\u0443\u0440\u0433\u043e\u0432_12"], "directions": [true], "color_areas": [[255, 0, 0]], "color_zones": [[0, 255, 0], [0, 255, 0]], "widths": [1, 1], "flash_minizone_colors": [[255, 0, 0], [255, 0, 0]]}