{"areas": [[[0.33958333333333335, 0.9166666666666666], [0.2791666666666667, 0.43703703703703706], [0.490625, 0.3861111111111111], [0.8473958333333333, 0.6027777777777777]], [[0.85, 0.6018518518518519], [0.4869791666666667, 0.3824074074074074], [0.6104166666666667, 0.362962962962963], [0.9385416666666667, 0.5055555555555555]]], "name_areas": ["new_1", "new_2"], "zones": [[[0.2791666666666667, 0.43703703703703706], [0.28489583333333335, 0.4842592592592593], [0.5260416666666666, 0.4074074074074074], [0.490625, 0.3861111111111111]], [[0.33958333333333335, 0.9166666666666666], [0.3302083333333333, 0.8444444444444444], [0.79375, 0.5694444444444444], [0.8473958333333333, 0.6027777777777777]], [[0.85, 0.6018518518518519], [0.7953125, 0.5685185185185185], [0.8890625, 0.48333333333333334], [0.9385416666666667, 0.5055555555555555]], [[0.4869791666666667, 0.3824074074074074], [0.5229166666666667, 0.40370370370370373], [0.6432291666666666, 0.3768518518518518], [0.6104166666666667, 0.362962962962963]]], "name_zones": ["new_11", "new_12", "new_21", "new_22"], "directions": [true, false], "color_areas": [[255, 0, 0], [255, 0, 0]], "color_zones": [[0, 255, 0], [0, 255, 0], [0, 255, 0], [0, 255, 0]], "widths": [1, 1, 1, 1], "flash_minizone_colors": [[255, 0, 0], [255, 0, 0], [255, 0, 0], [255, 0, 0]]}