{"areas": [[[0.3536458333333333, 0.9694444444444444], [0.296875, 0.4425925925925926], [0.5197916666666667, 0.4074074074074074], [0.9604166666666667, 0.7138888888888889]], [[0.9630208333333333, 0.7092592592592593], [0.5203125, 0.4046296296296296], [0.6203125, 0.39166666666666666], [0.9989583333333333, 0.587037037037037]]], "name_areas": ["new_1", "new_2"], "zones": [[[0.296875, 0.4425925925925926], [0.3020833333333333, 0.49444444444444446], [0.5635416666666667, 0.43796296296296294], [0.5197916666666667, 0.4074074074074074]], [[0.3536458333333333, 0.9694444444444444], [0.34479166666666666, 0.8898148148148148], [0.8942708333333333, 0.6675925925925926], [0.9604166666666667, 0.7138888888888889]], [[0.9630208333333333, 0.7092592592592593], [0.8963541666666667, 0.662962962962963], [0.9416666666666667, 0.5574074074074075], [0.9989583333333333, 0.587037037037037]], [[0.5203125, 0.4046296296296296], [0.5645833333333333, 0.43425925925925923], [0.6578125, 0.4111111111111111], [0.6203125, 0.39166666666666666]]], "name_zones": ["new_11", "new_12", "new_21", "new_22"], "directions": [true, false], "color_areas": [[255, 0, 0], [255, 0, 0]], "color_zones": [[0, 255, 0], [0, 255, 0], [0, 255, 0], [0, 255, 0]], "widths": [1, 1, 1, 1], "flash_minizone_colors": [[255, 0, 0], [255, 0, 0], [255, 0, 0], [255, 0, 0]]}