{"areas": [[[0.35, 0.8972222222222223], [0.3046875, 0.4], [0.56640625, 0.35833333333333334], [0.93203125, 0.5972222222222222]], [[0.5671875, 0.35833333333333334], [0.6984375, 0.3388888888888889], [0.99765625, 0.49027777777777776], [0.9328125, 0.5986111111111111]]], "name_areas": ["new_1", "new_2"], "zones": [[[0.3046875, 0.4], [0.30859375, 0.4486111111111111], [0.60234375, 0.3819444444444444], [0.56640625, 0.35833333333333334]], [[0.35, 0.8972222222222223], [0.34296875, 0.8222222222222222], [0.8765625, 0.5611111111111111], [0.93203125, 0.5972222222222222]], [[0.9328125, 0.5986111111111111], [0.87734375, 0.5625], [0.95234375, 0.4666666666666667], [0.99765625, 0.49027777777777776]], [[0.5671875, 0.35833333333333334], [0.603125, 0.3819444444444444], [0.728125, 0.3527777777777778], [0.6984375, 0.3388888888888889]]], "name_zones": ["new_11", "new_12", "new_21", "new_22"], "directions": [true, false], "color_areas": [[255, 0, 0], [255, 0, 0]], "color_zones": [[0, 255, 0], [0, 255, 0], [0, 255, 0], [0, 255, 0]], "widths": [1, 1, 1, 1], "flash_minizone_colors": [[255, 0, 0], [255, 0, 0], [255, 0, 0], [255, 0, 0]]}